,precision,recall,f1-score,support
0,0.774074074074074,0.6966666666666667,0.7333333333333333,300.0
1,0.6790123456790124,0.7333333333333333,0.7051282051282051,300.0
2,0.6987577639751553,0.75,0.7234726688102895,300.0
3,0.8546099290780141,0.8033333333333333,0.8281786941580755,300.0
4,0.6323529411764706,0.5733333333333334,0.6013986013986015,300.0
5,0.5969696969696969,0.6566666666666666,0.6253968253968254,300.0
accuracy,0.7022222222222222,0.7022222222222222,0.7022222222222222,0.7022222222222222
macro avg,0.7059627918254039,0.7022222222222222,0.7028180547042217,1800.0
weighted avg,0.7059627918254038,0.7022222222222222,0.7028180547042217,1800.0
