,precision,recall,f1-score,support
0,0.7472527472527473,0.68,0.7120418848167539,100.0
1,0.6347826086956522,0.73,0.6790697674418604,100.0
2,0.7752808988764045,0.69,0.7301587301587302,100.0
3,0.7722772277227723,0.78,0.7761194029850748,100.0
4,0.6506024096385542,0.54,0.5901639344262295,100.0
5,0.5289256198347108,0.64,0.5791855203619909,100.0
accuracy,0.6766666666666666,0.6766666666666666,0.6766666666666666,0.6766666666666666
macro avg,0.6848535853368068,0.6766666666666666,0.6777898733651065,600.0
weighted avg,0.684853585336807,0.6766666666666666,0.6777898733651067,600.0
