,precision,recall,f1-score,support
0,0.7326007326007326,0.6666666666666666,0.6980802792321117,300.0
1,0.6677316293929713,0.6966666666666667,0.6818923327895595,300.0
2,0.6320474777448071,0.71,0.6687598116169544,300.0
3,0.8109965635738832,0.7866666666666666,0.7986463620981387,300.0
4,0.5795053003533569,0.5466666666666666,0.5626072041166381,300.0
5,0.6138613861386139,0.62,0.6169154228855721,300.0
accuracy,0.6711111111111111,0.6711111111111111,0.6711111111111111,0.6711111111111111
macro avg,0.6727905149673942,0.6711111111111111,0.6711502354564959,1800.0
weighted avg,0.6727905149673941,0.6711111111111111,0.6711502354564958,1800.0
