,precision,recall,f1-score,support
0,0.7311827956989247,0.68,0.7046632124352332,100.0
1,0.711340206185567,0.69,0.700507614213198,100.0
2,0.6416666666666667,0.77,0.7000000000000001,100.0
3,0.7916666666666666,0.76,0.7755102040816326,100.0
4,0.6666666666666666,0.54,0.5966850828729282,100.0
5,0.5309734513274337,0.6,0.5633802816901409,100.0
accuracy,0.6733333333333333,0.6733333333333333,0.6733333333333333,0.6733333333333333
macro avg,0.6789160755353209,0.6733333333333333,0.6734577325488554,600.0
weighted avg,0.6789160755353209,0.6733333333333333,0.6734577325488554,600.0
